question,class
คอนโดตั้งอยู่ที่ไหน,สถานที่ตั้ง
คอนโดตั้งใกล้กับที่ไหน,สถานที่ตั้ง
อยู่แถวไหน,สถานที่ตั้ง
มีสถานที่ไหนอยู่ใกล้ๆบ้าง,สถานที่ตั้ง
อยู่ใกล้บีทีเอสสถานนีไหน,สถานที่ตั้ง
ต้องลงบีทีเอสสถานีไหน,สถานที่ตั้ง
ไปอย่างไร,สถานที่ตั้ง
ไปได้ยังไง,สถานที่ตั้ง
ต้องบอกแท็กซี่ว่าอะไรถึงจะไปได้,สถานที่ตั้ง
ต้องปักหมุดที่ไหน,สถานที่ตั้ง
ขอที่อยู่หน่อย,สถานที่ตั้ง
ขอที่อยู่คอนโดหน่อย,สถานที่ตั้ง
คอนโดนี้อยู่ไหนอะ,สถานที่ตั้ง
อยากไปต้องไปที่ไหน,สถานที่ตั้ง
ที่นี่คือที่ไหน,สถานที่ตั้ง
โลเคชันของที่พักอยู่ที่ไหน,สถานที่ตั้ง
ขอโลเคชันหน่อย,สถานที่ตั้ง
ขอตำแหน่งที่ตั้งหน่อย,สถานที่ตั้ง
ตั้งอยู่แถวไหน,สถานที่ตั้ง
อยู่ใกล้ๆกับที่ไหนไหม,สถานที่ตั้ง
อยู่ใกล้สถานที่ไหน,สถานที่ตั้ง
อยู่ใกล้สถานนีไหน,สถานที่ตั้ง
คอนโดของคุณอยู่ที่ไหน?,สถานที่ตั้ง
คอนโดนี้โลเคชันอะไร,สถานที่ตั้ง
อยากไปจัง ต้องไปอย่างไร,สถานที่ตั้ง
คอนโดอยู่ใกล้สนามบินไหม,สถานที่ตั้ง
มีสนามบินอยู่ใกล้คอนโดไหม,สถานที่ตั้ง
ลงจากเครื่องแล้วไปอย่างไรต่อ,สถานที่ตั้ง
น่าอยู่มาก ไปไงอะ,สถานที่ตั้ง
อยากไป,สถานที่ตั้ง
เข้าไปคอนโดได้อย่างไร,สถานที่ตั้ง
ไปได้ด้วยวิธีไหนได้บ้างคับ,สถานที่ตั้ง
คอนโดนี่อยู่ใกล้รถไฟฟ้าสายไหนบ้าง,สถานที่ตั้ง
รถไฟฟ้าสายไหนใกล้คอนโดที่สุด,สถานที่ตั้ง
สถานที่สำคัญรอบๆมีอะไรบ้าง,สถานที่ตั้ง
คอนโดอยู่ใกล้ห้างอะไรบ้าง,สถานที่ตั้ง
เดินทางไปรถไฟฟ้ายากไหม,สถานที่ตั้ง
เดินทางไปห้างสรรพสินค้าได้อย่างไร,สถานที่ตั้ง
เดินไปทางสะดวกไหม,สถานที่ตั้ง
แถวนั้นอยู่ใกล้รถไฟฟ้าสายไหนบ้างครับ,สถานที่ตั้ง
แถวนั้นติดสถานที่ท่องเที่ยวอะไรบ้าง,สถานที่ตั้ง
อยู่ใกล้ลาดพร้าวไหม,สถานที่ตั้ง
อยู่ใกล้รัชโยธินไหม,สถานที่ตั้ง
อยู่ใกล้เสนานิคมไหม,สถานที่ตั้ง
อยู่แถวๆเกษตรใช่ไหม,สถานที่ตั้ง
ใช้เวลาไปรัชโยธินนานไหม,สถานที่ตั้ง
ไปเซนทรัลลาดพร้าวต้องใช้เวลาเท่าไหร่,สถานที่ตั้ง
ค่าน้ำเท่าไหร่,ค่าใช้จ่าย
ค่าน้ำหน่วยละเท่าไหร่,ค่าใช้จ่าย
น้ำราคาหน่วยละเท่าไหร่,ค่าใช้จ่าย
ค่าไฟต่อหน่วยคือเท่าไหร่,ค่าใช้จ่าย
ค่าไฟคิดเท่าไหร่,ค่าใช้จ่าย
ค่าไฟคิดอย่างไร,ค่าใช้จ่าย
ต้องเสียค่าเน็ตไหม,ค่าใช้จ่าย
ค่าเน็ตเดือนละเท่าไหร่,ค่าใช้จ่าย
ค่าส่วนกลางราคาเดือนละเท่าไหร่,ค่าใช้จ่าย
มีค่าส่วนหลางไหม,ค่าใช้จ่าย
ต้องเสียค่าส่วนกลางปะ,ค่าใช้จ่าย
เดือนนึงต้องเสียค่าอะไรบ้าง,ค่าใช้จ่าย
เดือนนึงต้องจ่ายค่าอะไรบ้าง,ค่าใช้จ่าย
ต่อเดือนมีค่ามีใช้จ่ายอะไรบ้าง,ค่าใช้จ่าย
ค่าน้ำคิดอย่างไร,ค่าใช้จ่าย
ค่าน้ำค่าไฟคิดอย่างไร,ค่าใช้จ่าย
ค่าน้ำค่าไฟหน่วยละเท่าไหร่,ค่าใช้จ่าย
ค่าใช้จ่ายต่อเดือน,ค่าใช้จ่าย
ต้องใช้งบเท่าไหร่ต่อเดือน,ค่าใช้จ่าย
มีค่าใช้จ่ายเพิ่มเติมไหม,ค่าใช้จ่าย
คิดค่าน้ำหน่วยละเท่าไหร่คะ,ค่าใช้จ่าย
ค่าไฟคิดยังไงคับ ต่อเดือน,ค่าใช้จ่าย
ค่าน้ำค่าไฟต่อเดือนคิดหน่วยละเท่าไหร่ครับ,ค่าใช้จ่าย
ค่าน้ำแพงไหมคับเนี่ย,ค่าใช้จ่าย
ค่าไฟละคับหน่วยละเท่าไหร่,ค่าใช้จ่าย
แล้วถ้าเป็นค่าน้ำนี่คิดหน่วยเท่าไหร่คับ,ค่าใช้จ่าย
ที่นี่มีค่าส่วนกลางไหมค่ะ,ค่าใช้จ่าย
ค่าส่วนกลางนี่เท่าไหร่คับ,ค่าใช้จ่าย
มีเก็บค่าส่วนกลางไหมครับ,ค่าใช้จ่าย
ค่าส่วนกลางเก็บยังไง,ค่าใช้จ่าย
ค่าส่วนกลางจ่ายทุกเดือนหรอ,ค่าใช้จ่าย
แล้วต้องเสียค่าอะไรเพิ่มเติมอีกไหมคับ,ค่าใช้จ่าย
นอกจากค่าคอนโดต้องเสียไรอีกไหมคะ,ค่าใช้จ่าย
ค่าคอนโดนี่รวมค่าน้ำค่าไฟไหมคับ,ค่าใช้จ่าย
ค่าคอนโดนี่รวมค่าส่วนกลางไหมครับ,ค่าใช้จ่าย
มีระบบน้ำประปาแยกหรือรวมห้อง,ค่าใช้จ่าย
มีการให้บริการน้ำประปาฟรีหรือไม่,ค่าใช้จ่าย
น้ำประปาฟรีไหมอะ,ค่าใช้จ่าย
ค่าน้ำคิดตามจริงหรือเหมาจ่าย,ค่าใช้จ่าย
ค่าไฟคิดตามจริงหรือเหมาจ่าย,ค่าใช้จ่าย
มีค่าใช้จ่ายเพิ่มเติมสำหรับค่าน้ำหรือไม่ เช่น ค่าบำรุงรักษา ค่าใช้จ่ายส่วนกลาง,ค่าใช้จ่าย
มีค่าใช้จ่ายส่วนกลางอะไรบ้าง,ค่าใช้จ่าย
มีค่าส่วนกลางล่วงหน้าหรือไม่,ค่าใช้จ่าย
ค่าน้ำหน่วยละเท่าไหร่สำหรับห้องขนาด S,ค่าใช้จ่าย
ค่าน้ำหน่วยละเท่าไหร่สำหรับห้องขนาด M,ค่าใช้จ่าย
ค่าน้ำหน่วยละเท่าไหร่สำหรับห้องขนาด L,ค่าใช้จ่าย
ค่าน้ำค่าไฟแต่ละขนาดห้องคิดเท่ากันหรือไม่,ค่าใช้จ่าย
ค่ามัดจำเท่าไหร่,ค่ามัดจำ
มีค่ามัดจำไหม,ค่ามัดจำ
มัดจำละเท่าไหร่,ค่ามัดจำ
ต้องเสียค่ามัดจำเท่าไหร่,ค่ามัดจำ
ค่ามัดจำคืออะไร,ค่ามัดจำ
ทำไมต้องจ่ายค่ามัดจำ,ค่ามัดจำ
ค่ามัดจำต้องชำระทันทีหลังจากการจองหรือมีระยะเวลากำหนด,ค่ามัดจำ
ต้องจ่ายมัดจำแบบไหน,ค่ามัดจำ
จะถูกหักค่ามัดจำไหมถ้าทำของพัง,ค่ามัดจำ
จ่ายค่ามัดจำได้อย่างไร,ค่ามัดจำ
ถ้ายกเลิกจองจะเสียค่ามัดจำไหม,ค่ามัดจำ
จะได้ค่ามัดจำคืนเมื่อไหร่,ค่ามัดจำ
จะได้ค่ามัดจำเต็มจำนวนไหม,ค่ามัดจำ
ขอค่ามัดจำคืนได้ไหม,ค่ามัดจำ
ข้อกำหนดของค่ามัดจำคืออะไร,ค่ามัดจำ
ข้องบังคับเกี่ยวกับค่ามัดจำ,ค่ามัดจำ
นานไหมกว่าเงินมัดจำจะเข้า,ค่ามัดจำ
มีการปรับค่ามัดจำไหม,ค่ามัดจำ
มีการขึ้นค่ามัดจำไหม,ค่ามัดจำ
ค่ามัดจำแพงไหม,ค่ามัดจำ
ค่ามัดจำนี่รวมไปกับค่าคอนโดเลยไหม,ค่ามัดจำ
ถ้าจ่าค่าคอนโดแล้วต้องจ่ายค่ามัดจำอยู่ไหม,ค่ามัดจำ
ค่ามัดจำจะถูกหักในกรณีไหนบ้าง,ค่ามัดจำ
แล้วค่ามัดจำนี่เท่าไหร่หรอคับ,ค่ามัดจำ
เมื่อไหร่จะได้ค่ามัดจำคืน,ค่ามัดจำ
ค่ามัดจำมีข้อผูกมัดอย่างไร,ค่ามัดจำ
เมื่อจ่ายค่ามัดจำแล้วจะได้คืนอีกทีเมื่อไหร่หรอคับ,ค่ามัดจำ
จ่ายมัดจำย้อนหลังเอาได้ไหม,ค่ามัดจำ
ค่ามัดจำไม่จ่ายไหม,ค่ามัดจำ
แบ่งจ่ายค่ามัดจำได้ไหมคะ,ค่ามัดจำ
จะถูกปรับค่ามัดจำได้ในกรณีไหนบ้างครับ,ค่ามัดจำ
เจาะรูที่กำแพงจะถูกปรับค่ามัดจำไหม,ค่ามัดจำ
สามารถทำเรื่องผ่อนผันค่ามัดจำได้ไหม,ค่ามัดจำ
ไม่สะดวกจ่ายค่ามัดจำตอนนี้สามารถจ่ายทีหลังได้หรือไม่,ค่ามัดจำ
ค่ามัดจำนี่คืนเต็มจำนวนไหมครับ,ค่ามัดจำ
ค่ามัดจำคิดจากค่าเช่ากี่เดือน,ค่ามัดจำ
ค่ามัดจำสำหรับห้องขนาด S ห้องนอนคิดเท่าไหร่,ค่ามัดจำ
ค่ามัดจำสำหรับห้องขนาด M ห้องนอนคิดเท่าไหร่,ค่ามัดจำ
ค่ามัดจำสำหรับห้องขนาด L ห้องนอนคิดเท่าไหร่,ค่ามัดจำ
ถ้าออกก่อนกำหนดสัญญาจะถูกหักเงินค่ามัดจำไหม,ค่ามัดจำ
ย้ายออกก่อนกำหนดได้ไหม,ค่ามัดจำ
ค่ามัดจำจะได้คืนอย่างไร ถ้าออกก่อนกำหนดสัญญา,ค่ามัดจำ
ทำห้องเสียหายจะถูกหักค่ามัดจำไหม,ค่ามัดจำ
หากผู้เช่าต้องการยกเลิกสัญญาเช่าก่อนกำหนด จะได้รับค่ามัดจำคืนหรือไม่,ค่ามัดจำ
มีค่ามัดจำที่ต้องจ่ายเพิ่มเติมที่ผู้เช่าต้องทราบหรือไม่,ค่ามัดจำ
หากผู้เช่าย้ายออกก่อนกำหนด จะต้องจ่ายค่าเสียหายเพิ่มเติมหรือไม่,ค่ามัดจำ
เงินค่ามัดจำยังไม่เข้าเลยคับ เมื่อไหรจะเข้าหรอคับ,ค่ามัดจำ
เรื่องอะไรบ้างที่ฉันควรรู้เพื่อไม่ให้โดนปรับค่ามัดจำ,ค่ามัดจำ
เลี้ยงสัตว์ในหอได้ไหม,ข้อกำหนด
เอาหมามาเลี้ยงในคอนโดได้รึป่าว,ข้อกำหนด
เลี้ยงแมวในห้องผิดไหม,ข้อกำหนด
ทำกับข้าวได้ไหม,ข้อกำหนด
สามารถเลี้ยงสัตว์เลี้ยงได้ไหม,ข้อกำหนด
กฎคอนโดนี้มีอะไรบ้าง,ข้อกำหนด
ทำอาหารผิดกฎไหม,ข้อกำหนด
ทำอะไรถึงจะผิดข้อห้ามบ้าง,ข้อกำหนด
ทำอะไรถึงจะผิดกฏของคอนโดนี้บ้าง,ข้อกำหนด
กฎในคอนโดมีอะไรบ้าง,ข้อกำหนด
ห้ามอะไรไหม,ข้อกำหนด
มีกฎอะไรบ้าง,ข้อกำหนด
ข้อห้ามที่ของคอนโดนี้มีอะไรบ้าง,ข้อกำหนด
มีกฎที่ต้องรักษาไหม,ข้อกำหนด
คอนโดมีกฎอะไรบ้าง,ข้อกำหนด
เสียงดังได้ไหม,ข้อกำหนด
เลี้ยงสัตว์ผิดกฎของคอนโดรึป่าว,ข้อกำหนด
มีกฎห้ามเลี้ยงสัตว์มั้ย,ข้อกำหนด
เลี้ยงสัตว์ผิดกฎมั้ย,ข้อกำหนด
ทำอาหารผิดกฎมั้ย,ข้อกำหนด
ทำอะไรไม่ได้บ้าง,ข้อกำหนด
ทำอะไรได้บ้าง,ข้อกำหนด
ห้ามทำอาหารมั้ย,ข้อกำหนด
เอาอุปกรณ์มาทำอาหารได้มั้ย,ข้อกำหนด
เอาเตามาได้มั้ย,ข้อกำหนด
สูบบุหรี่ในห้องได้ไหม,ข้อกำหนด
ถ้าสูบบุหรี่ในห้องตัวเองผิดไหม,ข้อกำหนด
ร้องเพลงในห้องเสียงดังได้ป่าว,ข้อกำหนด
ทำอาหารในห้องได้ไหม,ข้อกำหนด
เอาเตาแก๊สเข้าหอได้ไหม,ข้อกำหนด
วิ่งเล่นในห้องได้ไหม,ข้อกำหนด
สามารถกินเหล้าในห้องกับเพื่อนได้ไหม,ข้อกำหนด
ข้อกำหนดของหอพักคืออะไร,ข้อกำหนด
หอนี้มีข้อบังคับอย่างไร,ข้อกำหนด
จัดปารตี้สังสรรในห้องได้หรือไม่,ข้อกำหนด
มีข้อกำหนดเกี่ยวกับสัตว์เลี้ยงหรือไม่,ข้อกำหนด
กฏของคอนโดนี้คืออะไรบ้าง,ข้อกำหนด
สัตว์เลี้ยงประเภทใดที่สามารถเลี้ยงได้,ข้อกำหนด
สามารถทำอาหารเองได้หรือไม่,ข้อกำหนด
สามารถใช้เครื่องครัวใดได้บ้าง,ข้อกำหนด
กฏระเบียบของการใช้คอนโดคืออะไร,ข้อกำหนด
การเจาะพนังคอนโดผิดไหม,ข้อกำหนด
ทำเสียงดังในคอนโดได้หรือไม่,ข้อกำหนด
จัดปารตี้ในคอนโดผิดไหม,ข้อกำหนด
ข้อห้ามของคอนโดนี้,ข้อกำหนด
คอนโดนี้ทำอะไรได้บ้าง,ข้อกำหนด
คอนโดนี้ห้ามทำอะไรบ้าง,ข้อกำหนด
อยากทราบกฏของคอนโดนี้,ข้อกำหนด
สามารถเจาะกำแพงได้หรือไม่,ข้อกำหนด
มีห้องไซส์ไหนบ้าง,ข้อมูลของห้องพัก
ขนาดห้องเท่าไหร่,ข้อมูลของห้องพัก
มีห้องกี่ห้อง,ข้อมูลของห้องพัก
มีห้องแบบไหนบ้าง,ข้อมูลของห้องพัก
มีห้องขนาดเดียวไหม,ข้อมูลของห้องพัก
มีห้องกี่ขนาด,ข้อมูลของห้องพัก
มีห้องแบบเดียวรึป่าว,ข้อมูลของห้องพัก
มีห้องขนาดไหนบ้าง,ข้อมูลของห้องพัก
มีห้องแบบเดียวไหม,ข้อมูลของห้องพัก
สวัสดีครับผมอยากทราบว่าคอนโดนี้มีห้องพักขนาดเท่าไหร่บ้างครับ,ข้อมูลของห้องพัก
อยากสอบถามเรื่องห้อง,ข้อมูลของห้องพัก
มีราคาไหนบ้าง,ข้อมูลของห้องพัก
ห้องแต่ละขนาดต่างกันยังไง,ข้อมูลของห้องพัก
ห้องขนาดเล็กราคาเท่าไหร่,ข้อมูลของห้องพัก
ห้องขนาดเล็กขนาดเท่าไหร่,ข้อมูลของห้องพัก
ห้องไซส์ s ราคาเท่าไหร่,ข้อมูลของห้องพัก
ห้องไซส์ s ขนาดเท่าไหร่,ข้อมูลของห้องพัก
อยากรู้ห้องไซส์เล็ก,ข้อมูลของห้องพัก
อยากรู้ห้องไซส์s,ข้อมูลของห้องพัก
ห้องไซส์ S ราคาเท่าไหร่,ข้อมูลของห้องพัก
ห้องไซส์ S ขนาดเท่าไหร่,ข้อมูลของห้องพัก
อยากรู้ห้องไซส์ S,ข้อมูลของห้องพัก
ห้องขนาดกลางราคาเท่าไหร่,ข้อมูลของห้องพัก
ห้องขนาดกลางขนาดเท่าไหร่,ข้อมูลของห้องพัก
ห้องไซส์ m ราคาเท่าไหร่,ข้อมูลของห้องพัก
ห้องไซส์ m ขนาดเท่าไหร่,ข้อมูลของห้องพัก
อยากรู้ห้องไซส์กลาง,ข้อมูลของห้องพัก
อยากรู้ห้องไซส์ m,ข้อมูลของห้องพัก
ห้องไซส์ M ราคาเท่าไหร่,ข้อมูลของห้องพัก
ห้องไซส์ M ขนาดเท่าไหร่,ข้อมูลของห้องพัก
อยากรู้ห้องไซส์ M,ข้อมูลของห้องพัก
ห้องขนาดใหญ่ราคาเท่าไหร่,ข้อมูลของห้องพัก
ห้องขนาดใหญ่ขนาดเท่าไหร่,ข้อมูลของห้องพัก
ห้องไซส์ l ราคาเท่าไหร่,ข้อมูลของห้องพัก
ห้องไซส์ l ขนาดเท่าไหร่,ข้อมูลของห้องพัก
อยากรู้ห้องไซส์ใหญ่,ข้อมูลของห้องพัก
อยากรู้ห้องไซส์ l,ข้อมูลของห้องพัก
ห้องไซส์ L ราคาเท่าไหร่,ข้อมูลของห้องพัก
ห้องไซส์ L ขนาดเท่าไหร่,ข้อมูลของห้องพัก
อยากรู้ห้องไซส์ L,ข้อมูลของห้องพัก
วิธีการชำระค่าเช่าคอนโดคืออย่างไร,การชำระเงิน
มีวิธีการชำระค่าเช่าออนไลน์หรือผ่านช่องทางอื่นๆหรือไม่,การชำระเงิน
มีค่าปรับหรือค่าเบี้ยปรับในกรณีชำระค่าเช่าล่าช้าหรือไม่,การชำระเงิน
มีระบบการแจ้งเตือนหรือการแจ้งเตือนล่วงหน้าเมื่อถึงกำหนดชำระค่าเช่าหรือไม่,การชำระเงิน
ถ้าต้องการเปลี่ยนวิธีการชำระเงินหรือบัญชีที่ใช้ชำระค่าเช่าได้หรือไม่,การชำระเงิน
มีการรับชำระค่าเช่าคอนโดผ่านบัตรเครดิตหรือไม่,การชำระเงิน
มีการส่งรายงานหรือใบแจ้งหนี้เพื่อแสดงค่าเช่าและค่าบริการอื่นๆ หรือไม่,การชำระเงิน
มีวิธีการจัดการในกรณีที่ต้องชำระค่าเช่าค้างชำระ,การชำระเงิน
มีการปรับปรุงรายงานค่าเช่าและค่าบริการเป็นรายเดือนหรือไม่,การชำระเงิน
การรับชำระค่าเช่าคอนโดผ่านการโอนเงินอัตโนมัติผ่านธนาคารเป็นทางเลือกหรือไม่,การชำระเงิน
วิธีการแจ้งเตือนเมื่อมีการปรับปรุงค่าเช่าหรือค่าบริการ,การชำระเงิน
มีนโยบายเรื่องการเพิ่มค่าเช่าคอนโดในอนาคตหรือไม่,การชำระเงิน
ถ้าไม่ได้จ่ายค่าเช่าจะเป็นยังไง,การชำระเงิน
ถ้าค้างค่าเช่าจะเป็นยังไง,การชำระเงิน
ต้องจ่ายทุกวันไหน,การชำระเงิน
จ่ายเมื่อไหร่,การชำระเงิน
ต้องจ่ายยังไง,การชำระเงิน
ชำระเงินทางไหนได้บ้าง,การชำระเงิน
ค้างชำระได้กี่วัน,การชำระเงิน
จ่ายช้าได้กี่วัน,การชำระเงิน
รับเงินสดไหม,การชำระเงิน
รับบัตรไหม,การชำระเงิน
รับโอนรึป่าว,การชำระเงิน
จ่ายเป็นเงินสดได้ไหม,การชำระเงิน
จ่ายบัตรได้ไหม,การชำระเงิน
จ่ายเป็นโอนได้ป่าว,การชำระเงิน
ถ้าลืมจ่ายเงิน,การชำระเงิน
จ่ายแบบไหนได้บ้าง,การชำระเงิน
ชำระเงินแบบไหนได้บ้าง,การชำระเงิน
ต้องโชวสลิปโอนไหม,การชำระเงิน
ต้องโชวสลิปบัตรไหม,การชำระเงิน
จ่ายออนไลน์ได้ไหม,การชำระเงิน
ชำระเงินออนไลน์ได้ไหม,การชำระเงิน
ค้างจ่ายได้กี่วัน,การชำระเงิน
มีลิฟต์สำหรับจอดรถมั้ย,สิ่งอำนวยความสะดวก
มีบริการรถรับส่งไปสถานีรถไฟฟ้ามั้ย,สิ่งอำนวยความสะดวก
มีโซนสูบบุหรี่มั้ย,สิ่งอำนวยความสะดวก
โซนสูบบุหรี่อยู่ในอาคารหรือนอกอาคาร,สิ่งอำนวยความสะดวก
มีล็อบบี้บริการมั้ย,สิ่งอำนวยความสะดวก
มีพนักงานตรงล็อบบี้ตลอดเวลามั้ย,สิ่งอำนวยความสะดวก
มีพื้นที่รับส่งของมั้ย,สิ่งอำนวยความสะดวก
มีพื้นที่รับส่ง delivery มั้ย,สิ่งอำนวยความสะดวก
มีคนคอยรับพัสดุมั้ย,สิ่งอำนวยความสะดวก
มีที่รับจดหมายมั้ย,สิ่งอำนวยความสะดวก
มีส่วนกลางมั้ย,สิ่งอำนวยความสะดวก
ส่วนกลางมีอะไรบ้าง,สิ่งอำนวยความสะดวก
มี co-working space มั้ย,สิ่งอำนวยความสะดวก
มีที่นั่งรอบริเวณล็อบบี้มั้ย,สิ่งอำนวยความสะดวก
มีบาร์มั้ย บริเวณล็อบบี้,สิ่งอำนวยความสะดวก
ล็อบบี้เปิด-ปิดกี่โมง,สิ่งอำนวยความสะดวก
มีร้านอาหารภายในคอนโดมั้ย,สิ่งอำนวยความสะดวก
มีห้องประชุมมั้ย,สิ่งอำนวยความสะดวก
มีสปามั้ย,สิ่งอำนวยความสะดวก
มีโซนเด็กเล่นมั้ย,สิ่งอำนวยความสะดวก
มีสระว่ายน้ำมั้ย,สิ่งอำนวยความสะดวก
สระว่ายน้ำฟรีมั้ย,สิ่งอำนวยความสะดวก
สระว่ายน้ำเป็นแบบไหน,สิ่งอำนวยความสะดวก
มีสระว่ายน้ำเด็กมั้ย,สิ่งอำนวยความสะดวก
มีลิฟต์มั้ย,สิ่งอำนวยความสะดวก
ลิฟต์ลูกบ้านสามารถกดได้ทุกชั้นเลยมั้ย,สิ่งอำนวยความสะดวก
มีเครื่องซักผ้าหยอดเหรียญให้มั้ย,สิ่งอำนวยความสะดวก
มีเครื่องอบผ้าหยอดเหรีญมั้ย,สิ่งอำนวยความสะดวก
มีบริการซักผ้ามั้ย,สิ่งอำนวยความสะดวก
มีบริการซัก อบ รีดมั้ย,สิ่งอำนวยความสะดวก
มีตู้กดขนมมั้ย,สิ่งอำนวยความสะดวก
มีเต่าบินมั้ย,สิ่งอำนวยความสะดวก
มีตู้กดน้ำมั้ย,สิ่งอำนวยความสะดวก
ตู้กดน้ำกดฟรีมั้ย,สิ่งอำนวยความสะดวก
มีตู้กดน้ำหยอดเหรียญมั้ย,สิ่งอำนวยความสะดวก
มีฟิตเนสมั้ย,สิ่งอำนวยความสะดวก
ฟิตเนสเปิด-ปิดกี่โมง,สิ่งอำนวยความสะดวก
มีฟิตเนสประเภทไหนบ้าง,สิ่งอำนวยความสะดวก
มีห้องโยคะมั้ย,สิ่งอำนวยความสะดวก
มีห้องซ้อมเต้นมั้ย,สิ่งอำนวยความสะดวก
สามารถปลูกต้นไม้ภายในห้องได้มั้ย,สิ่งอำนวยความสะดวก
สัดส่วนพื้นที่สีเขียวภายในคอนโดนี้เป็นเท่าไหร่,สิ่งอำนวยความสะดวก
สามารถปลูกต้นไม้บริเวณระเบียงได้มั้ย,สิ่งอำนวยความสะดวก
ในคอนโดมีสัดส่วนพื้นที่สีเขียวเป็นเท่าไหร่,สิ่งอำนวยความสะดวก
ในแต่ละชั้นคอนโดมีพื้นที่สีเขียวสัดส่วนเป็นเท่าไหร่,สิ่งอำนวยความสะดวก
มีสวนหย่อมบริเวณด้านล่างมั้ย,สิ่งอำนวยความสะดวก
มีสวนหย่อมบริเวณดาดฟ้ามั้ย,สิ่งอำนวยความสะดวก
มีคนสวนดูแลต้นไม้มั้ย,สิ่งอำนวยความสะดวก
มีการปรับปรุงทัศนียภาพตลอดมั้ย,สิ่งอำนวยความสะดวก
สามารถพาสัตว์เลี้ยงไปเดินเล่นบริเวณสวนหย่อมได้มั้ย,สิ่งอำนวยความสะดวก
มีพื้นที่สีเขียวเยอะมั้ย ภายในพื้นที่คอนโด,สิ่งอำนวยความสะดวก
มีต้นไม้เยอะมั้ย ภายในคอนโด,สิ่งอำนวยความสะดวก
แต่ละชั้นมีพื้นที่สีเขียวมั้ย,สิ่งอำนวยความสะดวก
มีพื้นที่สีเขียวตรงไหนบ้าง,สิ่งอำนวยความสะดวก
มีโซนพื้นที่สีเขียวตรงไหนบ้าง,สิ่งอำนวยความสะดวก
มีสวนหย่อมตรงไหนบ้าง,สิ่งอำนวยความสะดวก
ต้องจ่ายค่าดูแลทัศนียภาพมั้ย,สิ่งอำนวยความสะดวก
มีพื้นที่นั่งเล่นในสวนมั้ย,สิ่งอำนวยความสะดวก
มีมุมนั่งเล่นในสวนมั้ย,สิ่งอำนวยความสะดวก
มีมุมพักผ่อนในสวนมั้ย,สิ่งอำนวยความสะดวก
มีโซนพักผ่อนในสวนมั้ย,สิ่งอำนวยความสะดวก
มีสระว่ายน้ำมั้ย,สิ่งอำนวยความสะดวก
สระว่ายน้ำฟรีมั้ย,สิ่งอำนวยความสะดวก
มีสระว่ายน้ำเด็กมั้ย,สิ่งอำนวยความสะดวก
สามารถมาใช้สระน้ำได้เลยมั้ย,สิ่งอำนวยความสะดวก
สระว่ายน้ำเปิดทุกวันมั้ย,สิ่งอำนวยความสะดวก
มีเจ้าหน้าที่บริเวณสระว่ายน้ำมั้ย,สิ่งอำนวยความสะดวก
มีอุปกรณ์ช่วยเหลือเวลาเกิดเหตุฉุกเฉินบริเวณสระว่ายน้ำมั้ย,สิ่งอำนวยความสะดวก
สระว่ายน้ำมีขนาดเท่าไหร่,สิ่งอำนวยความสะดวก
สระว่ายน้ำมีความลึกสูงสุดเท่าไหร่,สิ่งอำนวยความสะดวก
สระว่ายน้ำเปิดกี่โมง,สิ่งอำนวยความสะดวก
ใช้สระว่ายน้ำได้ตอนไหนบ้าง,สิ่งอำนวยความสะดวก
สระว่ายน้ำเสียงเงินไหม,สิ่งอำนวยความสะดวก
มีสระว่ายน้ำให้ใช้หรือไม่,สิ่งอำนวยความสะดวก
มีสระเด็กให้บริการหรือไม่,สิ่งอำนวยความสะดวก
ที่นี่มีสระว่ายน้ำไหมคับ,สิ่งอำนวยความสะดวก
สระน้ำเด็กเล่นได้ไหม,สิ่งอำนวยความสะดวก
ถ้าอยากเล่นน้ำสามารถเล่นตอนไหนได้บ้าง,สิ่งอำนวยความสะดวก
สระว่ายน้ำเสียตังค์ไหม,สิ่งอำนวยความสะดวก
มีสวนหยอมไหม,สิ่งอำนวยความสะดวก
มีพื้นที่สีเขียวหรือไม่,สิ่งอำนวยความสะดวก
มีสวนให้เข้าไปเดินไหมครับ,สิ่งอำนวยความสะดวก
สวนหย่อมสามารถเข้าได้เมื่อไหร่,สิ่งอำนวยความสะดวก
สวนหย่อมเปิดกี่โมง,สิ่งอำนวยความสะดวก
สวนหย่อมเข้าไปใช้ได้ฟรีไหม,สิ่งอำนวยความสะดวก
ที่นี่มีสวนหย่อมไหมคะ,สิ่งอำนวยความสะดวก
มีฟิตเนสมั้ย,สิ่งอำนวยความสะดวก
ฟิตเนสเปิด-ปิดกี่โมง,สิ่งอำนวยความสะดวก
ฟิตเนสเปิดทุกวันไหม,สิ่งอำนวยความสะดวก
คนนอกสามารถเข้าใช้บริการฟิตเนสได้มั้ย,สิ่งอำนวยความสะดวก
คนนอกต้องเสียค่าบริการใช้ฟิตเนสเท่าไหร่,สิ่งอำนวยความสะดวก
เสียค่าเข้าฟิตเนสไหม,สิ่งอำนวยความสะดวก
ฟิตเนสให้บริการกี่โมง,สิ่งอำนวยความสะดวก
ฟิตเนสฟรีไหมคับ,สิ่งอำนวยความสะดวก
มีฟิตเนสให้บริการไหม,สิ่งอำนวยความสะดวก
ต้องจองเวลามาใช้ฟิตเนสมั้ย,สิ่งอำนวยความสะดวก
ฟิตเนสเปิดทุกวันมั้ย,สิ่งอำนวยความสะดวก
ที่จอดรถรองรับรถ EV มั้ย,สิ่งอำนวยความสะดวก
ที่จอดรถในอาคารหรือนอกอาคาร,สิ่งอำนวยความสะดวก
ที่จอดรถเป็นแบบไหน,สิ่งอำนวยความสะดวก
อัตราค่าจอดรถเท่าไหร่,สิ่งอำนวยความสะดวก
ลูกบ้าน 1 ห้อง สามารถจอดได้กี่คัน,สิ่งอำนวยความสะดวก
มีการจำกัดจำนวนที่จอดรถมั้ย,สิ่งอำนวยความสะดวก
สามารถจอดรถ 2 คัน ได้มั้ย,สิ่งอำนวยความสะดวก
มีที่จอดรถมอร์เตอร์ไซค์มั้ย,สิ่งอำนวยความสะดวก
เสียค่าที่จอดอย่างไร,สิ่งอำนวยความสะดวก
ค่าที่จอดรถเป็นรายเดือนหรือรายปี,สิ่งอำนวยความสะดวก
ที่ชาร์จรถ EV มี อัตราราคาเท่าไหร่,สิ่งอำนวยความสะดวก
มีที่จอดรถซุปเปอร์คาร์มั้ย,สิ่งอำนวยความสะดวก
มีบริการล้างรถในโซนที่จอดรถมั้ย,สิ่งอำนวยความสะดวก
มีที่เติมลมยาง โซนที่จอดรถมั้ย,สิ่งอำนวยความสะดวก
ที่จอดรถมีพอสำหรับลูกบ้านทุกห้องมั้ย,สิ่งอำนวยความสะดวก
ถ้าไม่มีรถต้องเสียค่าที่จอดรถรวมมั้ย,สิ่งอำนวยความสะดวก
ค่าฟิตเนสรวมอยู่ในค่าส่วนกลางมั้ย,สิ่งอำนวยความสะดวก
มีที่จอดรถให้ไหม,สิ่งอำนวยความสะดวก
มีการเปลี่ยนน้ำในสระว่ายน้ำมั้ย,สิ่งอำนวยความสะดวก
มีมาตรการความสะอาดพื้นที่สระว่ายน้ำอย่างไรบ้าง,สิ่งอำนวยความสะดวก
มีแม่บ้านมั้ย,สิ่งอำนวยความสะดวก
สามารถจ้างแม่บ้านมาทำความสะอาดในห้องได้มั้ย,สิ่งอำนวยความสะดวก
มีบริการทำความสะอาดรายวันมั้ย,สิ่งอำนวยความสะดวก
มีการทำความสะอาดบริเวณทางเดินหน้าห้องหรือไม่,สิ่งอำนวยความสะดวก
แม่บ้านมีกี่คน,สิ่งอำนวยความสะดวก
มีคนดูแลความสะอาดไหม,สิ่งอำนวยความสะดวก
ทำความสะอาดพื้นกันตลอดเวลาป่าว,สิ่งอำนวยความสะดวก
สะอาดจริงไหมคับ,สิ่งอำนวยความสะดวก
ความสะอาดของคอนโดเป็นยังไง,สิ่งอำนวยความสะดวก
ที่นี่สกปรกไหมครับ,สิ่งอำนวยความสะดวก
มีโซนทิ้งขยะมั้ย,สิ่งอำนวยความสะดวก
มีวันทิ้งขยะมั้ย,สิ่งอำนวยความสะดวก
วันทิ้งขยะคือวันไหน,สิ่งอำนวยความสะดวก
มีเครื่องพ่นยาฆ่าเชื้อภายในคอนโดมั้ย,สิ่งอำนวยความสะดวก
มีมาตรการป้องการป้องกันเชื้อไวรัสอย่างไร,สิ่งอำนวยความสะดวก
ห้องมีคนทำความสะอาดให้ไหม,สิ่งอำนวยความสะดวก
มีการทำความสะอาดพื้นที่ส่วนรวมตลอดมั้ย,สิ่งอำนวยความสะดวก
มีการกรองอากาศภายในคอนโดมั้ย,สิ่งอำนวยความสะดวก
มีเครื่องตรวจสภาพอากาศภายในคอนโดมั้ย,สิ่งอำนวยความสะดวก
มีเครื่องกรอง PM 2.5 มั้ย,สิ่งอำนวยความสะดวก
มีการตรวจสอบคุณภาพน้ำมั้ย,สิ่งอำนวยความสะดวก
ระบบน้ำที่นี่เป็นแบบไหน,สิ่งอำนวยความสะดวก
มีระบบบำบัดน้ำเสียมั้ย,สิ่งอำนวยความสะดวก
มีการทำความพื้นที่ส่วนรวมตลอดเวลามั้ย,สิ่งอำนวยความสะดวก
พนักงานภายในคอนโดได้รับวัคซีนป้องกันไวรัสมั้ย,สิ่งอำนวยความสะดวก
คอนโดแห่งนี้สะอาดมากน้อยเพียงใด,สิ่งอำนวยความสะดวก
มีการทำความสะอาดห้องและพื้นที่ส่วนกลางบ่อยแค่ไหน,สิ่งอำนวยความสะดวก
มีพนักงานทำความสะอาดกี่คน,สิ่งอำนวยความสะดวก
มีอุปกรณ์ทำความสะอาดเพียงพอหรือไม่,สิ่งอำนวยความสะดวก
มีระบบดูดฝุ่นอัตโนมัติหรือไม่,สิ่งอำนวยความสะดวก
มีระบบสุขาภิบาลที่ดีหรือไม่,สิ่งอำนวยความสะดวก
มีกลิ่นไม่พึงประสงค์หรือไม่,สิ่งอำนวยความสะดวก
มีมาตรการป้องกันการแพร่ระบาดของโรคหรือไม่,สิ่งอำนวยความสะดวก
มีระบบระบายอากาศหรือไม่,สิ่งอำนวยความสะดวก
วันนึงทำความสะอาดกี่รอบ,สิ่งอำนวยความสะดวก
นโยบายรักษาความสะอาดของที่นี่คืออะไร,สิ่งอำนวยความสะดวก
แม่บ้านทำความสะอาดวันละกี่คน,สิ่งอำนวยความสะดวก
แม่บ้านทำความสะอาดโอเคไหม,สิ่งอำนวยความสะดวก
พนักงานดูแลความสะอาดภายมีกี่คน,สิ่งอำนวยความสะดวก
ขยะเก็บวันละกี่ครั้ง,สิ่งอำนวยความสะดวก
ขยะที่ทิ้งแล้วมีคนมาเก็บตอนไหน,สิ่งอำนวยความสะดวก
ต้องทิ้งขยะตรงไหน,สิ่งอำนวยความสะดวก
มีการจัดการขยะอย่างไร,สิ่งอำนวยความสะดวก
มีการเคลียขยะอย่างไร,สิ่งอำนวยความสะดวก
ต้องขนขยะลงมาทิ้งข้างล่างมั้ย,สิ่งอำนวยความสะดวก
มีจุดทิ้งขยะทุกชั้นมั้ย,สิ่งอำนวยความสะดวก
มีจุดทิ้งขยะมั้ย,สิ่งอำนวยความสะดวก
ภายในห้องให้อะไรมาบ้าง,สิ่งอำนวยความสะดวกภานในห้อง
มีโต๊ะกี่ตัว,สิ่งอำนวยความสะดวกภานในห้อง
ในห้องนี้ให้อะไรมาบ้าง,สิ่งอำนวยความสะดวกภานในห้อง
อยากทราบว่าในห้องให้อะไรมาบ้าง,สิ่งอำนวยความสะดวกภานในห้อง
เช่าแล้วมีของอะไรให้ใช้บ้าง,สิ่งอำนวยความสะดวกภานในห้อง
มีตู้เสื้อผ้าไหม,สิ่งอำนวยความสะดวกภานในห้อง
เช่าห้องแล้วได้อะไรบ้างคับ,สิ่งอำนวยความสะดวกภานในห้อง
ทีวีตู้เย็นมีแถมมาให้ไหม,สิ่งอำนวยความสะดวกภานในห้อง
แถมอะไรกับห้องบ้าง,สิ่งอำนวยความสะดวกภานในห้อง
สิ่งของภายในห้อง,สิ่งอำนวยความสะดวกภานในห้อง
สิ่งของที่ติดมากับคอนโด,สิ่งอำนวยความสะดวกภานในห้อง
มีเก้าอี่กี่ตัว,สิ่งอำนวยความสะดวกภานในห้อง
มีทีวีมัย,สิ่งอำนวยความสะดวกภานในห้อง
เตียงเป็นแบบไหน,สิ่งอำนวยความสะดวกภานในห้อง
ให้อะไรมาในห้องบ้าง,สิ่งอำนวยความสะดวกภานในห้อง
มีเฟอร์นิเจอร์อะไรบ้าง,สิ่งอำนวยความสะดวกภานในห้อง
มีโซฟาให้ไหม,สิ่งอำนวยความสะดวกภานในห้อง
มีไมโครเวฟให้ป่าว,สิ่งอำนวยความสะดวกภานในห้อง
มีเครื่องใช้ไฟฟ้าอะไรบ้าง,สิ่งอำนวยความสะดวกภานในห้อง
มีสิ่งอำนวยความสะดวกอะไรบ้างภายในห้อง,สิ่งอำนวยความสะดวกภานในห้อง
มีอะไรในห้องบ้าง,สิ่งอำนวยความสะดวกภานในห้อง
ให้เก้าอี้มาไหม,สิ่งอำนวยความสะดวกภานในห้อง
ให้ทีวีมารึเปล่า,สิ่งอำนวยความสะดวกภานในห้อง
ให้โซฟามาไหม,สิ่งอำนวยความสะดวกภานในห้อง
ให้เตียงมาป่าว,สิ่งอำนวยความสะดวกภานในห้อง
ให้เครื่องใช้ไฟฟ้าอะไรมาบ้าง,สิ่งอำนวยความสะดวกภานในห้อง
มีเก้าอี้ป่าว,สิ่งอำนวยความสะดวกภานในห้อง
มีโต๊ะไหม,สิ่งอำนวยความสะดวกภานในห้อง
มีอะไรที่ให้มาในห้องบ้าง,สิ่งอำนวยความสะดวกภานในห้อง
มีตู้เย็นไหม,สิ่งอำนวยความสะดวกภานในห้อง
ให้ตู้เย็นมาป่าว,สิ่งอำนวยความสะดวกภานในห้อง
มีแอร์ให้มาไหม,สิ่งอำนวยความสะดวกภานในห้อง
มีแอร์ไหม,สิ่งอำนวยความสะดวกภานในห้อง
มี tv ป่าว,สิ่งอำนวยความสะดวกภานในห้อง
ให้ tv มาไหม,สิ่งอำนวยความสะดวกภานในห้อง
ของใช้ในห้องมีอะไรบ้าง,สิ่งอำนวยความสะดวกภานในห้อง
มีของใช้ที่จำเป็นให้มาไหม,สิ่งอำนวยความสะดวกภานในห้อง
ปลอดภัยไหม,การรักษาความปลอดภัย
รักษาความปลอดภัยอย่างไร,การรักษาความปลอดภัย
มีระบบความรักษาความปลอดภัยมั้ย,การรักษาความปลอดภัย
มียามคอยเฝ้ามั้ย,การรักษาความปลอดภัย
มียามไหม,การรักษาความปลอดภัย
มียามเฝ้ามั้ย,การรักษาความปลอดภัย
มีคนคอยเฝ้ามั้ย,การรักษาความปลอดภัย
มีคนเฝ้าไหม,การรักษาความปลอดภัย
มียามคอยรักษาความปลอดภัยไหมตอนกลางคืน,การรักษาความปลอดภัย
เคยมีขโมยมั้ย,การรักษาความปลอดภัย
เคยมีใครถูกขโมยของไหม,การรักษาความปลอดภัย
ยามในคอนโดนี้อยู่ตลอด 24 ชม.ไหม,การรักษาความปลอดภัย
จะไว้ใจการรักษาความปลอดภัยที่นี่ได้อย่างไร,การรักษาความปลอดภัย
มีระบบรักษาความปลอดภัยอะไรบ้าง,การรักษาความปลอดภัย
เคยมีประวัติโจรขโมยบ้างหรือไม่,การรักษาความปลอดภัย
ป้อมยามมีคนอยู่จริงไหม,การรักษาความปลอดภัย
ยามประจำคอนโดเชื่อใจได้ไหม,การรักษาความปลอดภัย
ยามในคอนโดถูกคัดมาอย่างไร,การรักษาความปลอดภัย
มีกล้องวงจรปิดในคอนโดบ้างไหม,การรักษาความปลอดภัย
มีกล้องวงจรปิดกี่ตัวในคอนโด,การรักษาความปลอดภัย
กล้องวงจรปิดของคอนโดนี้ทำงานได้จริงไหม,การรักษาความปลอดภัย
ถ้ามาอยู่แล้วจะวางใจเรื่องความปลอดภัยได้อย่างไร,การรักษาความปลอดภัย
ที่นี่ปลอดภัยไหม,การรักษาความปลอดภัย
มีอันตรายเยอะมั้ย,การรักษาความปลอดภัย
มีเหตุอันตรายเกิดขึ้นบ่อยมั้ย,การรักษาความปลอดภัย
อันตรายรึป่าว,การรักษาความปลอดภัย
ระบบรักษาความปลอดภัยของที่นี่มีอะไรบ้าง,การรักษาความปลอดภัย
เคยมีเหตุอันตรายมั้ย,การรักษาความปลอดภัย
ประตูมีความปลอดภัยไหม,การรักษาความปลอดภัย
มีระบบแสกนเข้าออกตรงประตูมั้ย,การรักษาความปลอดภัย
มีการแสกนเข้าประตูมั้ย,การรักษาความปลอดภัย
มีระบบรักษาความปลอดภัยมั้ยตรงประตู,การรักษาความปลอดภัย
ถ้ามีโจรขึ้นคอนโดจะทำอย่างไร,การรักษาความปลอดภัย
ต้องทำอะไรถ้าโดนขโมยของในคอนโด,การรักษาความปลอดภัย
มีทางหนีไฟไหม,การรักษาความปลอดภัย
ทางหนีไฟสามารถใช้ได้ทุกชั้นหรือไม่,การรักษาความปลอดภัย
ประตูเข้าคอนโดมีระบบรักษาความปลอดภัยมั้ย,การรักษาความปลอดภัย
มีการรักษาความปลอดภัยอย่างไร,การรักษาความปลอดภัย
วางใจเรื่องความปลอดภัยได้หรือไม่,การรักษาความปลอดภัย
มีเจ้าหน้าที่รักษาความปลอดภัยหรือไม่,การรักษาความปลอดภัย